[
  {
    "id": "2hop__275689_47295",
    "paragraphs": [
      {
        "idx": 0,
        "title": "Orenburgsky District",
        "paragraph_text": "Orenburgsky District () is an administrative and municipal district (raion), one of the thirty-five in Orenburg Oblast, Russia. It is located in the center of the oblast. The area of the district is . Its administrative center is the city of Orenburg (which is not administratively a part of the district). Population: 74,404 (2010 Census);",
        "is_supporting": false
      },
      {
        "idx": 1,
        "title": "Paea",
        "paragraph_text": "Paea is a commune in the suburbs of Papeete in French Polynesia, an overseas territory of France in the southern Pacific Ocean. Paea is located on the island of Tahiti, in the administrative subdivision of the Windward Islands, themselves part of the Society Islands. At the 2017 census it had a population of 13,021.",
        "is_supporting": false
      },
      {
        "idx": 2,
        "title": "Khabarovsky District",
        "paragraph_text": "Khabarovsky District () is an administrative and municipal district (raion), one of the seventeen in Khabarovsk Krai, Russia. It consists of two unconnected segments separated by the territory of Amursky District, which are located in the southwest of the krai. The area of the district is . Its administrative center is the city of Khabarovsk (which is not administratively a part of the district). Population:",
        "is_supporting": false
      },
      {
        "idx": 3,
        "title": "Pangi Territory",
        "paragraph_text": "Pangi Territory is an administrative area in Maniema Province of the Democratic Republic of the Congo. The headquarters is the town of Pangi.",
        "is_supporting": false
      },
      {
        "idx": 4,
        "title": "Biysky District",
        "paragraph_text": "Biysky District () is an administrative and municipal district (raion), one of the fifty-nine in Altai Krai, Russia. It is located in the east of the krai and borders with Zonalny, Tselinny, Soltonsky, Krasnogorsky, Sovetsky, and Smolensky Districts, as well as with the territory of the City of Biysk. The area of the district is . Its administrative center is the city of Biysk (which is not administratively a part of the district). District's population:",
        "is_supporting": false
      },
      {
        "idx": 5,
        "title": "Area code 780",
        "paragraph_text": "Area code 780 is a telephone area code in the province of Alberta, encompassing the northern two - thirds of the province, including the Edmonton area. The code was established in 1999; prior to this date the entire province was served by the 403 area code. The 780 phone code started use on January 25, 1999. Permissive dialing of 403 continued throughout Alberta until May 18, 1999. Area code 780 is also the last new area code in Canada introduced by a split.",
        "is_supporting": false
      },
      {
        "idx": 6,
        "title": "Riverton, California",
        "paragraph_text": "Riverton (formerly, Moore's Station and Moores) is a small unincorporated community in El Dorado County, California. It is located on the South Fork of the American River west of Kyburz, at an elevation of 3238 feet (987 m). The ZIP code is 95726. The community is inside area code 530.",
        "is_supporting": false
      },
      {
        "idx": 7,
        "title": "Shire of Kerang",
        "paragraph_text": "The Shire of Kerang was a local government area located in northwestern Victoria, Australia, along the Murray River. The shire covered an area of , and existed from 1862 until 1995. From 1966 onwards, Kerang itself was managed by a separate entity; the Borough of Kerang.",
        "is_supporting": false
      },
      {
        "idx": 8,
        "title": "Prokhladnensky District",
        "paragraph_text": "Prokhladnensky District (; ; ) is an administrative and a municipal district (raion), one of the ten in the Kabardino-Balkar Republic, Russia. It is located in the northeast of the republic. The area of the district is . Its administrative center is the town of Prokhladny (which is not administratively a part of the district). As of the 2010 Census, the total population of the district was\u00a045,533.",
        "is_supporting": false
      },
      {
        "idx": 9,
        "title": "ISO 3166-1 alpha-2",
        "paragraph_text": "ISO 3166-1 alpha-2 codes are two-letter country codes defined in ISO 3166-1, part of the ISO 3166 standard published by the International Organization for Standardization (ISO), to represent countries, dependent territories, and special areas of geographical interest. They are the most widely used of the country codes published by ISO (the others being alpha-3 and numeric), and are used most prominently for the Internet's country code top-level domains (with a few exceptions). They are also used as country identifiers extending the postal code when appropriate within the international postal system for paper mail, and has replaced the previous one consisting one-letter codes. They were first included as part of the ISO 3166 standard in its first edition in 1974.",
        "is_supporting": false
      },
      {
        "idx": 10,
        "title": "Menteng, Menteng",
        "paragraph_text": "Menteng is an administrative village in the Menteng district of Indonesia. It has a postal code of 10310. It is located on the southern area of the Menteng Project.",
        "is_supporting": false
      },
      {
        "idx": 11,
        "title": "Philadelphia",
        "paragraph_text": "Southeastern Pennsylvania was assigned the 215 area code in 1947 when the North American Numbering Plan of the \"Bell System\" went into effect. The geographic area covered by the code was split nearly in half in 1994 when area code 610 was created, with the city and its northern suburbs retaining 215. Overlay area code 267 was added to the 215 service area in 1997, and 484 was added to the 610 area in 1999. A plan in 2001 to introduce a third overlay code to both service areas (area code 445 to 215, area code 835 to 610) was delayed and later rescinded.",
        "is_supporting": false
      },
      {
        "idx": 12,
        "title": "Area codes 587 and 825",
        "paragraph_text": "Area codes 587 and 825 are telephone area codes that cover all of Alberta, Canada, in addition to the incumbent codes, southern Alberta's 403 and northern Alberta's 780. Numbers in area code 587 started being allocated in late 2008. The new area codes overlay 403 and 780 simultaneously, covering the entire province, and make 10 - digit dialing necessary throughout Alberta.",
        "is_supporting": false
      },
      {
        "idx": 13,
        "title": "Cyprus Popular Bank",
        "paragraph_text": "Cyprus Popular Bank (from 2006 to 2011 known as Marfin Popular Bank) was the second largest banking group in Cyprus behind the Bank of Cyprus until it was 'shuttered' in March 2013 and split into two parts. The 'good' Cypriot part was merged into the Bank of Cyprus (including insured deposits under 100,000 Euro) and the 'bad' part or legacy entity holds all the overseas operations as well as uninsured deposits above 100,000 Euro, old shares and bonds. The uninsured depositors were subject to a bail-in and became the new shareholders of the legacy entity. As at May 2017, the legacy entity is one of the largest shareholders of Bank of Cyprus with 4.8% but does not hold a board seat. All the overseas operations, of the now defunct Cyprus Popular Bank, are also held by the legacy entity, until they are sold by the Special Administrator, at first Ms Andri Antoniadou, who ran the legacy entity for two years, from March 2013 until 3 March 2015. She tendered her resignation due to disagreements, with the Governor of the Central Bank of Cyprus and the Central Bank Board members, who amended the lawyers of the legacy entity, without consulting her. Veteran banker Chris Pavlou who is an expert in Treasury and risk management took over as Special Administrator of the legacy entity in April 2015 until December 2016. The legacy entity is pursuing legal action against former major shareholder Marfin Investment Group.",
        "is_supporting": false
      },
      {
        "idx": 14,
        "title": "Surgutsky District",
        "paragraph_text": "Surgutsky District () is an administrative and municipal district (raion), one of the nine in Khanty-Mansi Autonomous Okrug, Russia. It is located in the center of the autonomous okrug. The area of the district is . Its administrative center is the city of Surgut (which is not administratively a part of the district). Population: 113,515 (2010 Census);",
        "is_supporting": false
      },
      {
        "idx": 15,
        "title": "Pegangsaan, Menteng",
        "paragraph_text": "Pegangsaan is an administrative village in the Menteng district of Indonesia. It has a postal code of 10320. This administrative village is also known as the location of the house where the Proclamation of Indonesian Independence was read.",
        "is_supporting": false
      },
      {
        "idx": 16,
        "title": "Yeletsky District",
        "paragraph_text": "Yeletsky District () is an administrative and municipal district (raion), one of the eighteen in Lipetsk Oblast, Russia. It is located in the western central part of the oblast. The area of the district is . Its administrative center is the city of Yelets (which is not administratively a part of the district). Population: 29,627 (2002 Census);",
        "is_supporting": false
      },
      {
        "idx": 17,
        "title": "Bogot\u00e1",
        "paragraph_text": "Bogot\u00e1 (/ \u02c8bo\u028a\u0261\u0259t\u0251\u02d0 /, / \u02ccb\u0252\u0261\u0259\u02c8t\u0251\u02d0 /, / \u02ccbo\u028a - /; Spanish pronunciation: (bo\u0263o\u02c8ta) (listen)), officially Bogot\u00e1, Distrito Capital, abbreviated Bogot\u00e1, D.C., and formerly known as Santaf\u00e9 de Bogot\u00e1 between 1991 and 2000, is the capital and largest city of Colombia, administered as the Capital District, although often thought of as part of Cundinamarca. Bogot\u00e1 is a territorial entity of the first order, with the same administrative status as the departments of Colombia. It is the political, economic, administrative, industrial, artistic, cultural, and sports center of the country.",
        "is_supporting": false
      },
      {
        "idx": 18,
        "title": "Area code 202",
        "paragraph_text": "Area code 202 is the North American telephone area code for Washington, D.C.. The area code was one of the original area codes established in October 1947 by AT&T in the North American Numbering Plan (NANP).",
        "is_supporting": false
      },
      {
        "idx": 19,
        "title": "Calaveritas, California",
        "paragraph_text": "Calaveritas (\"little skulls\" in Spanish; formerly, Upper Calaveritas) is an unincorporated community in Calaveras County, California. It sits on the banks of the Calaveritas Creek at an elevation of 1,109 feet (338 m) above sea level and is located at . The community is in ZIP code 95249 and area code 209.",
        "is_supporting": false
      }
    ],
    "question": "What is the area code for the state where the Aloha Festivals are held?",
    "question_decomposition": [
      {
        "id": 275689,
        "question": "Aloha Festivals >> located in the administrative territorial entity",
        "answer": "Hawaii",
        "paragraph_support_idx": null
      },
      {
        "id": 47295,
        "question": "what is the area code for the state of #1",
        "answer": "808",
        "paragraph_support_idx": null
      }
    ],
    "answer": "808",
    "answer_aliases": [],
    "answerable": false
  }
]